player,team,league,pos,nation,age,playing time_min,performance_save%,performance_cs%,penalty kicks_save%,performance_ga_per90,performance_sota_per90,performance_saves_per90,performance_cs_per90,penalty kicks_pksv_per90
Aaron Ramsdale,Newcastle,ENG-Premier League,GK,ENG,27,7664,64.125,22.299999999999997,7.15,1.5383611691022963,4.474164926931106,2.9358037578288103,0.2348643006263048,0.023486430062630476
Aarón Escandell,Oviedo,ESP-La Liga,GK,ESP,29,3393,48.55,13.9,14.3,1.5649867374005306,5.437665782493369,3.872679045092838,0.2652519893899204,0.05305039787798408
Adrian Šemper,Pisa,ITA-Serie A,GK,CRO,27,2250,66.1,16.0,0.0,1.6800000000000002,4.96,3.2800000000000002,0.16,0.0
Adrián,Real Betis,ESP-La Liga,GK,ESP,38,1800,75.30000000000001,7.9,0.0,1.4,4.2,2.8,0.15000000000000002,0.0
Agustín Marchesín,Celta Vigo,ESP-La Liga,GK,ARG,34,1710,59.2,31.6,50.0,1.526315789473684,3.736842105263158,2.210526315789474,0.3157894736842105,0.10526315789473685
Aitor Fernández,Osasuna,ESP-La Liga,GK,ESP,34,2667,76.4,38.7,0.0,1.0461192350956132,3.8807649043869517,2.8346456692913384,0.3374578177727784,0.0
Alaa Bellaarouch,Strasbourg,FRA-Ligue 1,GK,MAR,21,1350,58.7,13.3,25.0,1.7333333333333334,4.2,2.466666666666667,0.13333333333333333,0.06666666666666667
Alban Lafont,Nantes,FRA-Ligue 1,GK,CIV,25,6905,64.56666666666666,22.599999999999998,0.0,1.5119478638667634,4.43157132512672,3.1151339608979005,0.24764663287472846,0.0
Alberto Paleari,Torino,ITA-Serie A,GK,ITA,32,2700,60.849999999999994,15.5,0.0,1.6,4.466666666666667,2.8666666666666667,0.30000000000000004,0.0
Alex McCarthy,Southampton,ENG-Premier League,GK,ENG,34,990,55.050000000000004,0.0,0.0,2.7272727272727275,6.181818181818182,3.454545454545454,0.0,0.0
Alex Meret,Napoli,ITA-Serie A,GK,ITA,29-172,10087,67.34,36.58,33.339999999999996,0.9457717854664419,2.8997719837414495,1.9629225736095965,0.3836621393873302,0.04461187667294538
Alex Palmer,Ipswich Town,ENG-Premier League,GK,ENG,27,1170,60.0,0.0,0.0,2.3076923076923075,5.769230769230768,3.4615384615384617,0.0,0.0
Alexander Meyer,Dortmund,Unknown,GK,GER,33,1505,64.66666666666667,19.066666666666666,0.0,1.495016611295681,4.245847176079734,2.7508305647840534,0.23920265780730898,0.0
Alexander Nübel,Stuttgart,Unknown,GK,GER,28,12240,66.875,26.675,10.825,1.441176470588235,4.411764705882353,2.9779411764705883,0.2647058823529412,0.014705882352941176
Alexander Schwolow,Mainz 05,Unknown,GK,GER,34-100,2755,69.575,27.275,0.0,2.38475499092559,5.6515426497277685,3.266787658802178,0.09800362976406535,0.0
Alexandre Oukidja,Metz,FRA-Ligue 1,GK,ALG,35,2987,68.0,17.6,0.0,1.717442249748912,5.363240709742216,3.7964512889186475,0.18078339471041177,0.0
Alisson,Liverpool,ENG-Premier League,GK,BRA,33-343,10968,70.06,32.519999999999996,6.659999999999999,1.12417943107221,3.8156455142231946,2.675054704595186,0.3282275711159738,0.008205689277899343
Alphonse Areola,West Ham,ENG-Premier League,GK,FRA,32,7068,65.425,20.725,7.15,1.7572156196943973,5.589983022071308,3.83276740237691,0.12733446519524616,0.025466893039049237
Altay Bayındır,Manchester Utd,ENG-Premier League,GK,TUR,27,900,49.3,12.5,0.0,2.1,4.2,2.1,0.1,0.0
Andrea Consigli,Sassuolo,ITA-Serie A,GK,ITA,36,6300,56.05,15.7,6.25,1.7571428571428571,4.0285714285714285,2.2714285714285714,0.15714285714285714,0.014285714285714285
Andriy Lunin,Real Madrid,ESP-La Liga,GK,UKR,26,3690,67.9,33.925,0.0,0.926829268292683,3.097560975609756,2.170731707317073,0.2926829268292683,0.0
André Ferreira,Valladolid,ESP-La Liga,GK,POR,28,1880,56.4,0.0,0.0,2.345744680851064,5.648936170212766,3.303191489361702,0.0,0.0
André Onana,Inter,ITA-Serie A,GK,CMR,26,8640,69.43333333333334,27.833333333333332,8.333333333333334,1.3125,4.302083333333333,3.0937500000000004,0.2708333333333333,0.010416666666666668
Anthony Lopes,Angers,FRA-Ligue 1,GK,POR,35-344,10227,69.08,16.759999999999998,4.0,1.4872396597242592,4.611322968612496,3.212085655617483,0.21120563215019067,0.00880023467292461
Antonio Sivera,Alavés,ESP-La Liga,GK,ESP,30-030,9650,69.375,29.45,0.0,1.2683937823834197,3.7305699481865284,2.5367875647668394,0.23316062176165803,0.0
Antonín Kinský,Tottenham,ENG-Premier League,GK,CZE,23-181,1440,60.633333333333326,26.2,0.0,1.4375,3.9374999999999996,2.5,0.25,0.0
Arijanet Muric,Sassuolo,ITA-Serie A,GK,KVX,27-307,5670,72.45,6.1000000000000005,16.675,1.5396825396825398,5.698412698412699,4.158730158730159,0.1111111111111111,0.03174603174603175
Arnau Tenas,PSG,FRA-Ligue 1,GK,ESP,23,1519,71.10000000000001,6.666666666666667,0.0,1.4219881500987492,4.502962475312706,3.0809743252139565,0.05924950625411455,0.0
Arthur Desmas,Le Havre,FRA-Ligue 1,GK,FRA,30,4590,65.85,18.95,41.65,1.588235294117647,4.862745098039215,3.2745098039215685,0.19607843137254904,0.0392156862745098
Augusto Batalla,Rayo Vallecano,ESP-La Liga,GK,ARG,30-133,7619,66.925,18.75,10.425,1.2521328258301616,4.075337970862318,2.9058931618322617,0.25987662422890145,0.035437721485759285
Bart Verbruggen,Brighton,ENG-Premier League,GK,NED,24-023,8820,60.6,24.5,4.175,1.3979591836734695,4.010204081632653,2.663265306122449,0.22448979591836735,0.010204081632653062
Bartłomiej Drągowski,Spezia,ITA-Serie A,GK,POL,24,2946,67.9,17.6,20.0,1.64969450101833,5.132382892057027,3.482688391038696,0.18329938900203666,0.03054989816700611
Benjamin Lecomte,Montpellier,FRA-Ligue 1,GK,FRA,33,8009,69.825,22.175,16.9,1.584467474091647,5.101760519415658,3.5060556873517292,0.22474715944562368,0.033712073916843555
Benjamin Leroy,Ajaccio,FRA-Ligue 1,GK,FRA,33,2798,52.8,15.6,0.0,1.9299499642601858,4.08506075768406,2.380271622587563,0.16082916368834882,0.0
Benoît Costil,Salernitana,ITA-Serie A,GK,FRA,36,2880,57.55,9.1,0.0,2.1875,5.15625,2.96875,0.09375,0.0
Berke Özer,Lille,FRA-Ligue 1,GK,TUR,26-108,3104,77.15,53.650000000000006,25.0,1.0438144329896908,3.479381443298969,2.4065721649484533,0.43492268041237114,0.028994845360824743
Bernd Leno,Fulham,ENG-Premier League,GK,GER,34-190,13770,65.46000000000001,17.080000000000002,7.5,1.4640522875816993,4.647058823529411,3.202614379084967,0.20915032679738563,0.013071895424836602
Brice Samba,Rennes,FRA-Ligue 1,GK,FRA,32-138,12239,70.23333333333333,31.21666666666667,19.05,1.1103848353623662,3.9047307786583874,2.845820736988316,0.367677097802108,0.0367677097802108
Caoimhín Kelleher,Brentford,ENG-Premier League,GK,IRL,27-291,5490,69.08,24.06,27.5,1.278688524590164,4.081967213114754,2.7868852459016393,0.2786885245901639,0.06557377049180328
Christos Mandas,Lazio,ITA-Serie A,GK,GRE,24-358,1801,81.13333333333333,45.36666666666667,0.0,0.6996113270405331,3.298167684619656,2.5985563575791226,0.3997779011660189,0.0
Ciprian Tătărușanu,Milan,ITA-Serie A,GK,ROU,36,1440,65.1,25.0,0.0,1.375,3.9374999999999996,2.5625,0.25,0.0
Claudio Bravo,Real Betis,ESP-La Liga,GK,CHI,40,1710,78.1,30.95,0.0,0.6842105263157895,3.1578947368421053,2.473684210526316,0.3157894736842105,0.0
Dani Cárdenas,Rayo Vallecano,ESP-La Liga,GK,ESP,29-166,1201,48.275,14.575,12.5,1.6486261448792674,4.721065778517902,3.0724396336386346,0.2248126561199001,0.0749375520399667
Daniel Batz,Mainz 05,Unknown,GK,GER,34,2250,77.30000000000001,22.0,0.0,1.2000000000000002,4.56,3.3600000000000003,0.2,0.0
Daniel Bentley,Wolves,ENG-Premier League,GK,ENG,32,1013,62.15,20.825,0.0,1.8657453109575517,4.886475814412636,3.0207305034550838,0.17769002961500494,0.0
Daniel Heuer Fernandes,Hamburger SV,Unknown,GK,POR,33-301,3150,59.9,9.1,12.5,1.7142857142857144,4.942857142857143,3.2285714285714286,0.17142857142857143,0.05714285714285714
Daniel Iversen,Leicester City,ENG-Premier League,GK,DEN,25,1080,63.3,8.3,0.0,1.8333333333333335,5.0,3.166666666666667,0.08333333333333334,0.0
Danny Ward,Leicester City,ENG-Premier League,GK,WAL,31,2475,51.15,11.55,16.65,1.8909090909090909,4.800000000000001,2.909090909090909,0.21818181818181817,0.03636363636363636
David Raya,Arsenal,ENG-Premier League,GK,ESP,30-360,13320,73.4,45.54,6.659999999999999,0.8851351351351352,3.2499999999999996,2.3581081081081083,0.40540540540540543,0.006756756756756756
David Soria,Getafe,ESP-La Liga,GK,ESP,33-159,14033,70.86,28.160000000000004,38.9,1.1480082662296016,4.078956744815791,2.924535024584907,0.2886054300577211,0.057721086011544215
David de Gea,Fiorentina,ITA-Serie A,GK,ESP,35-307,10170,65.625,25.775,29.175,1.2300884955752212,4.106194690265487,2.8672566371681416,0.336283185840708,0.035398230088495575
Dean Henderson,Crystal Palace,ENG-Premier League,GK,ENG,29-182,10260,64.38,20.6,23.34,1.5,4.368421052631579,2.8684210526315788,0.2631578947368421,0.03508771929824561
Devis Vásquez,Empoli,ITA-Serie A,GK,COL,26,2880,64.6,18.8,50.0,1.40625,3.9687500000000004,2.5625,0.1875,0.03125
Diant Ramaj,Heidenheim,Unknown,GK,GER,23,2880,71.6,1.6,0.0,2.125,5.40625,3.28125,0.03125,0.0
Diego Conde,Villarreal,ESP-La Liga,GK,ESP,25,1962,65.6,9.1,0.0,1.513761467889908,4.4036697247706424,2.889908256880734,0.09174311926605505,0.0
Dinko Horkaš,Las Palmas,ESP-La Liga,GK,CRO,25,1085,65.5,9.1,50.0,1.5760368663594468,4.56221198156682,2.9861751152073737,0.08294930875576037,0.08294930875576037
Dominik Greif,Lyon,FRA-Ligue 1,GK,SVK,29-157,5760,74.62,32.1,12.0,1.1875,3.9531249999999996,2.75,0.296875,0.046875
Donovan Léon,Auxerre,FRA-Ligue 1,GK,GUF,32,5520,75.5,19.7,16.666666666666668,1.3858695652173914,5.054347826086956,3.6684782608695654,0.2934782608695652,0.03260869565217391
Ederson Moraes,Manchester City,ENG-Premier League,GK,BRA,30,8255,64.8,34.4,0.0,0.9267110841913991,2.6384009691096306,1.7116898849182314,0.34887946698970324,0.0
Edoardo Corvi,Parma,ITA-Serie A,GK,ITA,25-171,1800,73.2,20.6,0.0,1.1,3.9499999999999997,2.8,0.35,0.0
Elia Caprile,Cagliari,ITA-Serie A,GK,ITA,25-016,7705,78.03999999999999,46.6,4.0,1.2147955872809864,4.298507462686567,3.0720311486048018,0.2569759896171317,0.011680726800778715
Emil Audero,Cremonese,ITA-Serie A,GK,IDN,28,6367,65.05,24.6,15.475,1.5548924140097378,4.8060310978482805,3.2511386838385423,0.240301554892414,0.05654154232762683
Emiliano Martínez,Chelsea,ENG-Premier League,GK,ARG,34-008,12363,69.52000000000001,19.560000000000002,34.0,1.2885222033487018,4.185877214268381,2.89735501091968,0.2475127396263043,0.021839359378791556
Etrit Berisha,Empoli,ITA-Serie A,GK,ALB,34,1260,66.2,28.6,33.3,1.7857142857142856,5.285714285714286,3.5,0.2857142857142857,0.07142857142857142
Fabian Bredlow,Stuttgart,Unknown,GK,GER,31-192,1890,68.60000000000001,10.566666666666666,0.0,1.523809523809524,4.6190476190476195,3.095238095238095,0.09523809523809525,0.0
Federico Ravaglia,Bologna,ITA-Serie A,GK,ITA,25,3061,62.4,38.53333333333333,33.333333333333336,1.35249918327344,3.55766089513231,2.2051617118588696,0.29402156158118264,0.02940215615811826
Fernando,Almería,ESP-La Liga,GK,ESP,33,3645,62.45,5.4,10.0,1.7530864197530864,5.333333333333334,3.5802469135802473,0.09876543209876544,0.02469135802469136
Fernando Pacheco,Espanyol,ESP-La Liga,GK,ESP,30,1530,61.25,9.4,10.0,2.0588235294117645,5.470588235294118,3.411764705882353,0.1764705882352941,0.058823529411764705
Filip Jørgensen,Strasbourg,FRA-Ligue 1,GK,DEN,24-147,4609,63.32000000000001,5.0,0.0,1.6988500759383816,5.369928400954653,3.6710783250162726,0.07810804946843133,0.0
Filip Stankovic,Venezia,ITA-Serie A,GK,SRB,24-197,1637,66.85,0.0,10.0,1.6493585827733659,5.607819181429444,3.958460598656078,0.0,0.05497861942577886
Finn Dahmen,Augsburg,Unknown,GK,GER,28-167,8460,72.53999999999999,24.36,20.64,1.5851063829787235,4.946808510638298,3.361702127659574,0.19148936170212766,0.05319148936170213
Florian Müller,Freiburg,Unknown,GK,GER,26,2463,54.65,8.9,0.0,1.8270401948842874,4.311814859926918,2.484774665042631,0.0730816077953715,0.0
Fraser Forster,Tottenham,ENG-Premier League,GK,ENG,36,1845,60.349999999999994,18.700000000000003,16.65,1.9024390243902438,4.7317073170731705,2.8780487804878048,0.1951219512195122,0.04878048780487805
Frederik Rønnow,Union Berlin,Unknown,GK,DEN,34-037,10830,65.6,20.880000000000003,21.72,1.4792243767313018,4.429362880886426,2.933518005540166,0.25761772853185594,0.04986149584487535
Gauthier Gallon,Le Havre,FRA-Ligue 1,GK,FRA,33-140,2713,21.233333333333334,0.0,0.0,2.156284555842241,5.938075930704017,3.7817913748617764,0.0,0.0
Gautier Larsonneur,Saint-Étienne,FRA-Ligue 1,GK,FRA,27,3060,63.3,14.7,13.3,2.264705882352941,6.176470588235294,3.911764705882353,0.14705882352941177,0.058823529411764705
Gavin Bazunu,Southampton,ENG-Premier League,GK,IRL,20,2880,54.8,12.5,50.0,1.75,3.875,2.125,0.125,0.03125
Gerónimo Rulli,Marseille,FRA-Ligue 1,GK,ARG,33,6930,72.2,30.766666666666666,16.666666666666668,1.1818181818181819,3.922077922077922,2.74025974025974,0.2597402597402597,0.03896103896103896
Gianluigi Donnarumma,PSG,FRA-Ligue 1,GK,ITA,25,10999,74.82000000000001,34.46,31.660000000000004,0.9491771979270843,3.7721611055550506,2.8229839076279664,0.36003273024820437,0.02454768615328666
Giorgi Mamardashvili,Valencia,ESP-La Liga,GK,GEO,23,10631,67.725,21.55,32.15,1.2868027466842253,4.06358762110808,2.81911391214373,0.22011099614335433,0.050794845263851
Gregor Kobel,Dortmund,Unknown,GK,SUI,28-278,10915,71.53999999999999,36.519999999999996,3.34,1.22858451672011,4.0980302336234535,2.8941823179111315,0.3380668804397618,0.008245533669262483
Grégoire Coudert,Brest,FRA-Ligue 1,GK,FRA,26,2553,76.60000000000001,41.666666666666664,8.333333333333334,1.5863689776733254,4.72385428907168,3.1374853113983545,0.282021151586369,0.03525264394829612
Guglielmo Vicario,Juventus,ITA-Serie A,GK,ITA,29-338,11422,69.17999999999999,28.880000000000003,4.0,1.4813517772719313,4.333741901593416,2.852390124321485,0.20486779898441604,0.007879530730169847
Guillaume Restes,Toulouse,FRA-Ligue 1,GK,FRA,21-183,8792,65.9,18.975,12.5,1.3409918107370336,3.8694267515923566,2.528434940855323,0.2456778889899909,0.010236578707916288
Guillermo Ochoa,Salernitana,ITA-Serie A,GK,MEX,38,3690,64.35,12.4,12.5,1.878048780487805,5.2439024390243905,3.5121951219512195,0.12195121951219512,0.024390243902439025
Hervé Koffi,Angers,FRA-Ligue 1,GK,BFA,28,3108,73.15,16.65,20.0,1.2741312741312742,5.2992277992278,3.9961389961389964,0.28957528957528955,0.05791505791505791
Hugo Lloris,Tottenham,ENG-Premier League,GK,FRA,35,2205,66.9,28.0,0.0,1.5918367346938778,4.816326530612245,3.2244897959183674,0.2857142857142857,0.0
Illan Meslier,Leeds United,ENG-Premier League,GK,FRA,22,3060,58.4,14.7,0.0,1.9705882352941175,4.735294117647059,2.764705882352941,0.14705882352941177,0.0
Ionuț Radu,Venezia,ITA-Serie A,GK,ROU,27,7740,66.86666666666666,22.25,20.833333333333332,1.3604651162790697,4.558139534883721,3.2209302325581395,0.2558139534883721,0.046511627906976744
Ivan Provedel,Lazio,ITA-Serie A,GK,ITA,31,11152,70.375,37.099999999999994,6.25,1.0652797704447634,3.704268292682927,2.6228479196556673,0.3793041606886657,0.008070301291248206
Ivo Grbić,Atlético Madrid,ESP-La Liga,GK,CRO,26,1693,67.35,10.0,0.0,1.9669226225634968,5.847607796810395,3.880685174246899,0.10632014176018902,0.0
Iván Villar,Celta Vigo,ESP-La Liga,GK,ESP,27,3084,57.96666666666667,7.033333333333334,44.43333333333334,1.4883268482490273,3.6770428015564205,2.188715953307393,0.11673151750972763,0.058365758754863814
Iñaki Peña,Elche,ESP-La Liga,GK,ESP,26,3809,59.525000000000006,17.925,0.0,1.5358361774744027,4.205828301391441,2.69362037280126,0.23628248884221578,0.0
Jakub Stolarczyk,Leicester City,ENG-Premier League,GK,POL,23,900,63.6,20.0,0.0,1.6,4.4,2.8,0.2,0.0
James Trafford,Leeds United,ENG-Premier League,GK,ENG,23-335,3150,72.56666666666666,21.8,0.0,2.0,5.742857142857144,3.7142857142857144,0.11428571428571428,0.0
Jan Oblak,Atlético Madrid,ESP-La Liga,GK,SVN,33-246,12212,70.5,35.04,0.0,0.9580740255486407,3.4048476907959384,2.446773665247298,0.36849000982640023,0.0
Janis Blaswich,Leverkusen,Unknown,GK,GER,34,5161,68.10000000000001,26.900000000000002,4.766666666666667,1.185816702189498,3.5225731447393915,2.3367564425498935,0.26157721371827164,0.01743848091455144
Jason Steele,Brighton,ENG-Premier League,GK,ENG,33,3060,63.93333333333334,33.93333333333333,16.666666666666668,1.7058823529411764,4.117647058823529,2.411764705882353,0.2647058823529412,0.029411764705882353
Jasper Cillessen,Las Palmas,ESP-La Liga,GK,NED,35,2335,67.7,11.1,42.9,1.6188436830835118,5.010706638115631,3.3918629550321198,0.11563169164882227,0.11563169164882227
Jean Butez,Como,ITA-Serie A,GK,FRA,31-094,5356,67.7,25.933333333333334,5.566666666666666,0.8737864077669902,3.226288274831964,2.335698282300224,0.4032860343539955,0.016803584764749815
Jeremías Ledesma,Cádiz,ESP-La Liga,GK,ARG,30,6108,70.69999999999999,27.95,5.55,1.399803536345776,4.788801571709234,3.5068762278978394,0.27996070726915523,0.014734774066797643
Jiří Pavlenka,Werder Bremen,Unknown,GK,CZE,31,3538,60.45,13.2,16.65,1.9841718485019784,5.36743923120407,3.383267382702092,0.12719050310910118,0.025438100621820236
Joan García,Barcelona,ESP-La Liga,GK,ESP,25-129,6570,63.6,36.525,8.325,1.0547945205479452,4.136986301369864,3.0821917808219177,0.35616438356164387,0.027397260273972605
Jonas Omlin,Gladbach,Unknown,GK,SUI,30,4064,64.05,15.95,14.575,2.0152559055118107,5.602854330708661,3.5875984251968505,0.19931102362204725,0.04429133858267716
Jonas Urbig,Bayern Munich,Unknown,GK,GER,21,1831,62.599999999999994,39.75,0.0,1.3271436373566359,3.6865101037684322,2.359366466411797,0.3932277444019661,0.0
Jonathan Fischer,Metz,FRA-Ligue 1,GK,DEN,23,2354,62.2,19.2,14.3,2.141036533559898,5.658453695836873,3.5174171622769754,0.1911639762107052,0.038232795242141036
Jordan Pickford,Everton,ENG-Premier League,GK,ENG,32-187,13860,70.6,28.339999999999996,28.339999999999996,1.331168831168831,4.3896103896103895,3.0584415584415585,0.2727272727272727,0.025974025974025976
Jordi Masip,Valladolid,ESP-La Liga,GK,ESP,33,2507,71.0,28.6,37.5,1.5077782209812525,5.2054248105305145,3.697646589549262,0.28719585161547667,0.10769844435580374
Josep Martinez,Inter,ITA-Serie A,GK,ESP,28-106,4409,72.75,43.875,6.25,1.0818779768655022,3.4701746427761395,2.3882966659106373,0.30619188024495353,0.020412792016330235
José Sá,Wolves,ENG-Premier League,GK,POR,32,10956,64.575,20.875,19.65,1.6265060240963856,4.698795180722891,3.072289156626506,0.2135815991237678,0.03285870755750274
Juan Carlos,Girona,ESP-La Liga,GK,ESP,34,900,59.1,0.0,0.0,1.8,4.4,2.6,0.0,0.0
Juan Musso,Atalanta,ITA-Serie A,GK,ARG,30,4057,79.78,65.06,0.0,1.153561745131871,3.704707912250431,2.5511461671185605,0.4436775942814888,0.0
Julen Agirrezabala,Racing Sant,ESP-La Liga,GK,ESP,25-258,4099,67.26,27.3,15.0,1.2734813369114417,3.776530861185655,2.481092949499878,0.26347889729202245,0.043913149548670406
Justin Bijlow,Genoa,ITA-Serie A,GK,NED,28-231,1665,61.25,15.65,0.0,1.4594594594594597,4.324324324324325,2.864864864864865,0.2702702702702703,0.0
Kamil Grabara,Wolfsburg,Unknown,GK,POL,26,5645,63.85,11.55,31.65,1.8813108945969885,5.1975199291408325,3.33215234720992,0.11160318866253321,0.0637732506643047
Karl Darlow,Leeds United,ENG-Premier League,GK,WAL,34,1980,70.0,22.7,0.0,1.2272727272727273,4.090909090909091,2.8636363636363633,0.2272727272727273,0.0
Karl Jakob Hein,Werder Bremen,Unknown,GK,EST,24-150,3150,58.73333333333333,22.03333333333333,0.0,2.2,5.371428571428572,3.1714285714285713,0.17142857142857143,0.0
Kasper Schmeichel,Nice,FRA-Ligue 1,GK,DEN,35,3240,75.2,30.6,25.0,0.9722222222222222,3.9166666666666665,2.9444444444444446,0.3055555555555556,0.027777777777777776
Kauã Santos,Frankfurt,Unknown,GK,BRA,22,1849,64.55,26.45,0.0,2.141698215251487,5.743645213628988,3.601946998377501,0.24337479718766902,0.0
Kepa Arrizabalaga,Real Madrid,ESP-La Liga,GK,ESP,28,6643,72.075,21.9,0.0,1.1109438506698779,4.091524913442721,2.9805810627728437,0.2845100105374078,0.0
Kevin Müller,Heidenheim,Unknown,GK,GER,33,5999,65.75,19.45,6.25,1.7852975495915988,5.220870145024171,3.4355725954325718,0.19503250541756958,0.015002500416736123
Kevin Trapp,Frankfurt,Unknown,GK,GER,34,10395,68.94,32.339999999999996,26.5,1.41991341991342,4.1558441558441555,2.7186147186147185,0.24242424242424243,0.04329004329004329
Keylor Navas,PSG,FRA-Ligue 1,GK,CRC,36,1889,55.7,18.4,0.0,1.810481736368449,4.526204340921122,2.7157226045526732,0.142932768660667,0.0
Koen Casteels,Wolfsburg,Unknown,GK,BEL,31,5310,67.25,23.65,10.0,1.4745762711864407,4.508474576271186,3.033898305084746,0.2542372881355932,0.01694915254237288
Leo Román,Dep. A Coruña,ESP-La Liga,GK,ESP,26-066,4050,79.65,35.175,3.575,1.4444444444444446,4.911111111111111,3.466666666666667,0.15555555555555556,0.022222222222222223
Lorenzo Montipò,Hellas Verona,ITA-Serie A,GK,ITA,29,13050,64.725,17.9,35.825,1.5586206896551724,4.43448275862069,2.8758620689655174,0.1793103448275862,0.034482758620689655
Lucas Chevalier,PSG,FRA-Ligue 1,GK,FRA,23,10439,72.075,40.525,30.825,0.9656097327330204,3.4830922502155377,2.543347063895009,0.38796819618737427,0.03448606188332216
Lucas Perri,Torino,ITA-Serie A,GK,BRA,28-274,4500,69.73333333333333,16.366666666666667,0.0,1.4800000000000002,4.64,3.16,0.26,0.0
Luigi Sepe,Salernitana,ITA-Serie A,GK,ITA,31,1530,67.9,17.6,42.9,1.588235294117647,4.9411764705882355,3.3529411764705883,0.1764705882352941,0.1764705882352941
Luiz Lúcio Reis Júnior,Villarreal,ESP-La Liga,GK,BRA,25-239,4338,61.93333333333333,19.96666666666667,5.566666666666666,1.1618257261410787,3.7551867219917012,2.6348547717842323,0.26970954356846477,0.02074688796680498
Lukáš Hrádecký,Leverkusen,Unknown,GK,FIN,34,10258,73.46000000000001,34.4,0.0,1.2019886917527782,3.9481380386040166,2.7987911873659583,0.29830376291674787,0.0
Luís Maximiano,Lazio,ITA-Serie A,GK,POR,23,2975,31.6,4.55,10.0,1.9058823529411764,5.173109243697479,3.3882352941176466,0.0907563025210084,0.030252100840336135
Maarten Vandevoordt,RB Leipzig,Unknown,GK,BEL,24-196,1661,65.5,22.733333333333334,33.333333333333336,1.4629741119807345,4.172185430463577,2.7092113184828417,0.1625526791089705,0.054184226369656835
Mads Hermansen,West Ham,ENG-Premier League,GK,DEN,25,4005,64.85,21.3,12.5,1.9325842696629212,5.438202247191011,3.48314606741573,0.1797752808988764,0.02247191011235955
Maduka Okoye,Udinese,ITA-Serie A,GK,NGA,27-013,7026,68.95,17.075,4.175,1.3706233988044405,4.316823228010247,2.946199829205807,0.23057216054654142,0.012809564474807857
Manuel Neuer,Bayern Munich,Unknown,GK,GER,40-167,7152,69.46000000000001,40.06,6.659999999999999,1.0067114093959733,2.9949664429530203,1.975671140939597,0.39010067114093966,0.012583892617449664
Manuel Riemann,Bochum,Unknown,GK,GER,34,6030,62.05,13.399999999999999,22.75,2.1194029850746268,5.582089552238806,3.611940298507463,0.13432835820895522,0.0746268656716418
Marc-André ter Stegen,Girona,ESP-La Liga,GK,GER,33,6721,70.825,30.950000000000003,0.0,0.7498884094628775,3.1066805534890642,2.3567921440261865,0.5222437137330754,0.0
Marcel Schuhen,Darmstadt 98,Unknown,GK,GER,30,2790,61.8,9.7,50.0,2.4516129032258065,6.419354838709677,3.9677419354838706,0.0967741935483871,0.03225806451612903
Marcin Bułka,Nice,FRA-Ligue 1,GK,POL,24,6300,70.33333333333333,24.5,23.599999999999998,1.0285714285714285,3.757142857142857,2.8285714285714287,0.3571428571428571,0.05714285714285714
Marco Bizot,Brest,FRA-Ligue 1,GK,NED,33,9761,62.04,24.119999999999997,13.319999999999999,1.438377215449237,4.361233480176212,2.9228562647269745,0.2858313697367073,0.036881467062800946
Marco Carnesecchi,Atalanta,ITA-Serie A,GK,ITA,26-071,11515,75.36,30.2,16.66,1.164567954841511,4.353452019105514,3.220147633521494,0.30481980026052974,0.03126356925749023
Marco Silvestri,Cremonese,ITA-Serie A,GK,ITA,34,5760,62.975,12.45,0.0,1.46875,3.984375,2.515625,0.21875,0.0
Marco Sportiello,Atalanta,ITA-Serie A,GK,ITA,33,2185,69.125,32.15,0.0,1.4416475972540046,4.448512585812357,3.0068649885583523,0.16475972540045766,0.0
Mark Flekken,Leverkusen,Unknown,GK,NED,33-089,11929,65.16,29.9,0.0,1.5315617402967556,4.949283259284098,3.4479000754463915,0.2565177299019197,0.0
Mark Travers,Bournemouth,ENG-Premier League,GK,IRL,25,1845,68.36666666666667,21.066666666666666,0.0,2.048780487804878,5.414634146341464,3.3658536585365852,0.1951219512195122,0.0
Marko Dmitrović,Espanyol,ESP-La Liga,GK,SRB,34-229,9009,70.66,27.439999999999998,0.0,1.4585414585414587,4.775224775224775,3.376623376623377,0.27972027972027974,0.0
Martin Dúbravka,Burnley,ENG-Premier League,GK,SVK,36,6192,73.275,21.025000000000002,5.0,1.8313953488372094,5.508720930232558,3.677325581395349,0.20348837209302323,0.014534883720930232
Marvin Schwäbe,Köln,Unknown,GK,GER,31-138,9360,56.725,8.8,37.15,1.7596153846153846,4.4423076923076925,2.7211538461538463,0.11538461538461539,0.038461538461538464
Mathew Ryan,Lens,FRA-Ligue 1,GK,AUS,32,4860,72.26666666666667,39.300000000000004,52.76666666666667,1.4444444444444446,4.833333333333333,3.3888888888888893,0.3148148148148148,0.05555555555555555
Mathieu Gorgelin,Lens,FRA-Ligue 1,GK,FRA,34,1620,73.39999999999999,35.43333333333333,0.0,1.9444444444444444,5.111111111111112,3.166666666666667,0.1111111111111111,0.0
Matt Turner,Nottingham,ENG-Premier League,GK,USA,29,1530,66.3,11.8,0.0,1.647058823529412,4.882352941176471,3.2352941176470584,0.11764705882352941,0.0
Mattia Perin,Juventus,ITA-Serie A,GK,ITA,33-304,2389,60.5,44.0,10.0,0.7534533277521975,3.08915864378401,2.335705316031812,0.5650899958141482,0.03767266638760988
Matvei Safonov,Paris SG,FRA-Ligue 1,GK,RUS,27-197,2499,54.833333333333336,28.866666666666664,33.333333333333336,1.0444177671068426,3.1692677070828332,2.1248499399759906,0.39615846338535415,0.03601440576230493
Matz Sels,Strasbourg,FRA-Ligue 1,GK,BEL,31,12928,64.39999999999999,21.45,3.3333333333333335,1.3784034653465347,4.211788366336633,2.8473081683168315,0.21581064356435642,0.006961633663366337
Matías Dituro,Elche,ESP-La Liga,GK,ARG,39-125,2340,57.15,9.1,0.0,1.5769230769230769,4.423076923076923,2.846153846153846,0.15384615384615385,0.0
Maxime Dupé,Nice,FRA-Ligue 1,GK,FRA,32,4140,62.099999999999994,18.1,21.45,1.565217391304348,4.521739130434782,3.086956521739131,0.21739130434782608,0.06521739130434782
Michael Zetterer,Frankfurt,Unknown,GK,GER,30,7618,69.82499999999999,19.125,0.0,1.5358361774744027,4.6902074035179835,3.1779994749278027,0.2480966132843266,0.0
Michele Cerofolini,Frosinone,ITA-Serie A,GK,ITA,24,1125,67.4,20.0,0.0,1.1199999999999999,3.2,2.08,0.16,0.0
Michele Di Gregorio,Juventus,ITA-Serie A,GK,ITA,28,11827,71.75,38.525,10.0,1.0729686310983344,3.873340661198952,2.853639976325357,0.3804853301767143,0.015219413207068573
Mike Maignan,Milan,ITA-Serie A,GK,FRA,31-069,11446,71.4,36.1,22.380000000000003,1.0457801852175432,3.6798881705399267,2.6498340031452035,0.3695614188362747,0.0314520356456404
Mike Penders,Strasbourg,FRA-Ligue 1,GK,BEL,20,2970,69.5,24.2,20.0,1.4242424242424243,4.666666666666667,3.242424242424242,0.24242424242424243,0.030303030303030304
Mile Svilar,Roma,ITA-Serie A,GK,SRB,27-014,8730,77.47999999999999,44.56,10.0,0.9175257731958764,3.979381443298969,3.072164948453608,0.4329896907216495,0.010309278350515464
Mio Backhaus,Freiburg,Unknown,GK,GER,22-147,3060,73.69999999999999,32.8,0.0,1.6764705882352942,4.764705882352941,3.088235294117647,0.1764705882352941,0.0
Moritz Nicolas,Gladbach,Unknown,GK,GER,28-324,7309,70.25,18.525000000000002,0.0,1.6500205226433162,5.688876727322479,4.075796962648789,0.2585853057873854,0.0
Mory Diaw,Le Havre,FRA-Ligue 1,GK,SEN,32,8685,68.33333333333333,22.333333333333332,24.2,1.471502590673575,4.704663212435233,3.3471502590673574,0.22797927461139897,0.07253886010362694
Nediljko Labrović,Augsburg,Unknown,GK,CRO,24,1350,56.8,13.3,0.0,2.1333333333333333,4.933333333333334,2.8,0.13333333333333333,0.0
Neto,Bournemouth,ENG-Premier League,GK,BRA,35,5445,74.53333333333333,14.699999999999998,5.566666666666666,1.586776859504132,5.272727272727273,3.6859504132231407,0.21487603305785125,0.01652892561983471
Nick Pope,Newcastle,ENG-Premier League,GK,ENG,33,9542,71.725,33.075,25.0,1.1412701739677218,4.008593586250262,2.86732341228254,0.3301194718088451,0.028295954726472436
Nicola Leali,Genoa,ITA-Serie A,GK,ITA,32,4633,72.5,34.5,8.333333333333334,1.1849773364990286,4.02115260090654,2.875026980358299,0.2913878696309087,0.019425857975393913
Nikola Vasilj,St Pauli,Unknown,GK,BIH,29,6029,68.85,21.0,60.0,1.477857024382153,4.70227235030685,3.2244153259246975,0.20898988223586001,0.08956709238679715
Noah Atubolu,Frankfurt,Unknown,GK,GER,24-108,8607,64.75,20.65,60.0,1.6626002091321017,4.7368421052631575,3.084698501219937,0.2614151272220286,0.05228302544440572
Obed Nkambadio,Paris FC,FRA-Ligue 1,GK,FRA,22,1080,55.3,8.3,33.3,1.75,3.9166666666666665,2.1666666666666665,0.08333333333333334,0.08333333333333334
Odysseas Vlachodimos,Sevilla,ESP-La Liga,GK,GRE,32-137,3780,58.36666666666667,11.733333333333334,3.6999999999999997,1.6666666666666665,4.285714285714286,2.619047619047619,0.14285714285714285,0.02380952380952381
Oliver Baumann,Hoffenheim,Unknown,GK,GER,36-100,11880,61.1,10.5,24.0,1.7727272727272725,5.075757575757576,3.333333333333333,0.12878787878787878,0.045454545454545456
Oliver Christensen,Hertha BSC,Unknown,GK,DEN,23,3416,65.16666666666667,3.033333333333333,5.566666666666666,2.0550351288056206,4.874121779859484,2.9508196721311477,0.07903981264637003,0.026346604215456676
Patrick Drewes,Bochum,Unknown,GK,GER,31,1890,53.5,14.3,40.0,2.1904761904761907,4.714285714285714,2.5238095238095237,0.14285714285714285,0.09523809523809525
Pau López,Marseille,FRA-Ligue 1,GK,ESP,28,6719,61.9,18.675,25.0,1.1519571364786425,3.9380860247060574,2.812918589075755,0.254502158059235,0.013394850424170263
Paul Bernardoni,Angers,FRA-Ligue 1,GK,FRA,25,2430,57.8,11.1,0.0,2.2962962962962963,5.444444444444445,3.1481481481481484,0.1111111111111111,0.0
Paulo Gazzaniga,Girona,ESP-La Liga,GK,ARG,33,12237,69.25,19.325,24.175,1.3312086295660701,4.34665359156656,3.074282912478549,0.19857808286344694,0.036773719048786464
Pepe Reina,Como,ITA-Serie A,GK,ESP,41,3194,71.26666666666667,13.133333333333333,0.0,1.2116468378209142,3.9167188478396993,2.7050720100187853,0.19724483406386975,0.0
Philipp Köhn,Monaco,FRA-Ligue 1,GK,SUI,27,5311,67.2,31.400000000000002,5.566666666666666,1.3217849745810581,4.016192807380907,2.6944078327998495,0.30502730182639803,0.01694596121257767
Pierluigi Gollini,Genoa,ITA-Serie A,GK,ITA,29,1890,67.45,36.325,6.25,1.380952380952381,3.8095238095238093,2.428571428571429,0.2857142857142857,0.04761904761904762
Pietro Terracciano,Milan,ITA-Serie A,GK,ITA,35,5975,77.25,68.675,7.15,1.1447698744769874,3.5397489539748954,2.470292887029289,0.24100418410041843,0.030125523012552304
Predrag Rajković,Mallorca,ESP-La Liga,GK,SRB,27,6480,69.0,23.599999999999998,17.15,1.1527777777777777,3.7222222222222223,2.6527777777777777,0.2361111111111111,0.027777777777777776
Péter Gulácsi,RB Leipzig,Unknown,GK,HUN,35,6349,68.825,39.4,8.325,1.2757914632225549,4.110883603717121,2.849267601197039,0.4252638210741849,0.014175460702472829
Radosław Majecki,Brest,FRA-Ligue 1,GK,POL,25,3294,69.26666666666667,30.566666666666666,0.0,1.366120218579235,4.53551912568306,3.1420765027322406,0.3005464480874317,0.0
Rafał Gikiewicz,Augsburg,Unknown,GK,POL,34,2070,70.1,21.7,66.7,1.782608695652174,5.956521739130435,4.173913043478261,0.21739130434782608,0.08695652173913043
Ralf Fährmann,Schalke 04,Unknown,GK,GER,33,1025,76.8,41.7,0.0,1.1414634146341465,4.917073170731707,3.775609756097561,0.43902439024390244,0.0
Razvan Sava,Udinese,ITA-Serie A,GK,ROU,23,1700,60.2,25.0,0.0,1.588235294117647,4.341176470588235,2.7529411764705882,0.2647058823529412,0.0
Robert Sánchez,Chelsea,ENG-Premier League,GK,ESP,28-296,9512,67.06,20.380000000000003,14.0,1.3246425567703952,4.115853658536586,2.78174936921783,0.2649285113540791,0.0283851976450799
Robin Olsen,Aston Villa,ENG-Premier League,GK,SWE,34,912,58.53333333333333,50.0,33.333333333333336,2.664473684210526,6.5131578947368425,3.848684210526316,0.19736842105263158,0.09868421052631579
Robin Risser,Lens,FRA-Ligue 1,GK,FRA,21-282,3240,66.4,16.65,20.0,1.1111111111111112,3.472222222222222,2.361111111111111,0.3055555555555556,0.05555555555555555
Robin Roefs,Sunderland,ENG-Premier League,GK,NED,23-236,3420,55.05,30.95,16.65,1.2894736842105263,4.184210526315789,2.894736842105263,0.2894736842105263,0.026315789473684213
Robin Zentner,Mainz 05,Unknown,GK,GER,31-317,8886,53.260000000000005,35.660000000000004,9.0,1.438217420661715,4.284267386900743,2.87643484132343,0.24307900067521945,0.02025658338960162
Rui Patrício,Atalanta,ITA-Serie A,GK,POR,36,5490,70.23333333333333,32.166666666666664,11.1,1.0655737704918034,3.2459016393442623,2.180327868852459,0.32786885245901637,0.01639344262295082
Rui Silva,Real Betis,ESP-La Liga,GK,POR,30,6165,69.10000000000001,28.766666666666666,4.166666666666667,1.2554744525547445,4.116788321167883,2.8613138686131383,0.29197080291970806,0.014598540145985401
Rémy Descamps,Lyon,FRA-Ligue 1,GK,FRA,30-077,1260,80.53999999999999,39.339999999999996,0.0,1.2142857142857144,4.857142857142858,3.6428571428571432,0.4285714285714286,0.0
Sam Johnstone,Wolves,ENG-Premier League,GK,ENG,32,4316,62.975,15.825,0.0,1.6265060240963856,4.316496756255793,2.6899907321594068,0.18767377201112143,0.0
Samir Handanović,Inter,ITA-Serie A,GK,SVN,38,1234,66.0,35.7,0.0,1.312803889789303,3.86547811993517,2.552674230145867,0.36466774716369527,0.0
Senne Lammens,Manchester Utd,ENG-Premier League,GK,BEL,24-065,3150,63.45,12.5,0.0,1.2857142857142856,3.8000000000000003,2.4857142857142858,0.22857142857142856,0.0
Sergio Asenjo,Valladolid,ESP-La Liga,GK,ESP,33,900,59.6,10.0,0.0,2.1,5.2,3.1,0.1,0.0
Sergio Herrera,Osasuna,ESP-La Liga,GK,ESP,33-097,11373,63.96,27.24,30.0,1.3848588762859404,4.4157214455288845,3.030862569242944,0.22949089949881296,0.015826958586125033
Simone Scuffet,Pisa,ITA-Serie A,GK,ITA,29,4679,60.3,7.925,0.0,1.808078649284035,4.289378072237657,2.4812994229536227,0.0961743962385125,0.0
Stefan Ortega,Nottingham,ENG-Premier League,GK,GER,32,2275,74.7,46.25,0.0,1.1868131868131868,4.153846153846154,2.967032967032967,0.35604395604395606,0.0
Stefano Turati,Sassuolo,ITA-Serie A,GK,ITA,23,5953,64.96666666666665,17.633333333333333,22.233333333333334,1.768856038971947,4.868133714093734,3.0992776751217876,0.12094742146816731,0.045355283050562745
Steve Mandanda,Rennes,FRA-Ligue 1,GK,FRA,39,7560,65.33333333333333,31.366666666666664,22.2,1.2023809523809523,3.738095238095238,2.5357142857142856,0.30952380952380953,0.02380952380952381
Stole Dimitrievski,Valencia,ESP-La Liga,GK,MKD,32-259,9174,62.17999999999999,19.72,10.0,1.3342053629823414,3.9633747547416616,2.658600392413342,0.2354480052321779,0.009810333551340745
Sven Ulreich,Bayern Munich,Unknown,GK,GER,36,1440,54.6,50.775,25.0,0.9375,2.8125,1.875,0.4375,0.0625
Thibaut Courtois,Real Madrid,ESP-La Liga,GK,BEL,34-122,9062,78.88,26.919999999999998,4.0,0.8839108364599426,3.4760538512469656,2.5822114323548884,0.3476053851246966,0.009931582432134187
Thomas Kaminski,Luton Town,ENG-Premier League,GK,BEL,30,3405,62.9,5.3,0.0,2.246696035242291,6.0528634361233475,3.806167400881057,0.05286343612334802,0.0
Timo Horn,Bochum,Unknown,GK,GER,31,1170,60.0,23.1,0.0,1.6923076923076923,4.230769230769231,2.5384615384615383,0.23076923076923078,0.0
Timon Weiner,Holstein Kiel,Unknown,GK,GER,25,2250,56.7,8.0,0.0,2.44,5.64,3.2800000000000002,0.08,0.0
Tomáš Koubek,Augsburg,Unknown,GK,CZE,30,1260,67.8,4.55,0.0,2.142857142857143,6.642857142857143,4.5,0.07142857142857142,0.0
Unai Simón,Athletic Club,ESP-La Liga,GK,ESP,29-091,11507,71.32000000000001,36.9,33.0,1.1184496393499608,3.613452680976797,2.5184670200747368,0.32849569827061786,0.04692795689580256
Vanja Milinković-Savić,Napoli,ITA-Serie A,GK,SRB,28,12420,72.875,35.95,23.65,1.0,3.77536231884058,2.7681159420289854,0.35507246376811596,0.050724637681159424
Vicente Guaita,Celta Vigo,ESP-La Liga,GK,ESP,37,7893,67.23333333333333,17.8,0.0,1.379703534777651,4.196123147092361,2.827822120866591,0.18244013683010263,0.0
Vito Mannone,Lille,FRA-Ligue 1,GK,ITA,35,1699,65.9,14.7,0.0,1.3772807533843436,4.767510300176575,3.3902295467922308,0.26486168334314303,0.0
Wes Foderingham,Sheffield United,ENG-Premier League,GK,ENG,32,2649,62.7,3.4,0.0,2.684031710079275,7.202718006795017,4.5186862967157415,0.03397508493771234,0.0
Wladimiro Falcone,Lecce,ITA-Serie A,GK,ITA,31-151,13950,70.47999999999999,22.46,15.559999999999999,1.3741935483870968,4.406451612903226,3.1354838709677417,0.2,0.03225806451612903
Wojciech Szczęsny,Juventus,ITA-Serie A,GK,POL,33,7692,66.875,36.725,20.825,0.9711388455538221,3.1825273010920436,2.234789391575663,0.4329173166926677,0.0234009360374415
Yahia Fofana,Angers,FRA-Ligue 1,GK,CIV,23,3960,68.75,15.149999999999999,25.0,1.5909090909090908,5.4772727272727275,3.8863636363636362,0.18181818181818182,0.022727272727272728
Yann Sommer,Gladbach,Unknown,GK,SUI,33,11600,70.58,38.239999999999995,11.66,0.9310344827586207,3.297413793103448,2.3586206896551727,0.41120689655172415,0.015517241379310343
Yassine Bounou,Sevilla,ESP-La Liga,GK,MAR,32,2241,47.05,8.0,16.65,1.6867469879518073,4.216867469879518,2.5301204819277108,0.1606425702811245,0.040160642570281124
Yehvann Diouf,Nice,FRA-Ligue 1,GK,SEN,26-298,11520,67.8,27.78,10.2,1.359375,4.65625,3.328125,0.265625,0.0234375
Yvon Mvogo,Lorient,FRA-Ligue 1,GK,SUI,32-096,7932,70.25,28.05,0.0,1.588502269288956,4.95839636913767,3.3698940998487137,0.170196671709531,0.0
Zion Suzuki,Parma,ITA-Serie A,GK,JPN,22,5294,72.46666666666667,31.46666666666667,11.1,1.3940309784661882,4.199093313184737,2.8050623347185493,0.22100491122024934,0.017000377786173027
Álex Remiro,Real Sociedad,ESP-La Liga,GK,ESP,31-170,13625,69.36,28.76,16.68,1.1889908256880735,3.7387155963302754,2.6157798165137613,0.29724770642201837,0.01981651376146789
Álvaro Fernández,Sevilla,ESP-La Liga,GK,ESP,26,1737,60.5,27.85,0.0,1.761658031088083,4.5595854922279795,2.7461139896373057,0.25906735751295334,0.0
Álvaro Vallés,Real Betis,ESP-La Liga,GK,ESP,29-047,6143,71.93333333333334,41.733333333333334,54.300000000000004,1.2453198762819468,4.248738401432525,3.0913234575940094,0.2783656194041999,0.0732541103695263
Édgar Badía,Elche,ESP-La Liga,GK,ESP,30,3240,68.3,11.1,30.0,1.75,5.527777777777778,3.7777777777777777,0.1111111111111111,0.08333333333333334
Ørjan Nyland,RB Leipzig,Unknown,GK,NOR,31,5463,66.075,29.375,6.25,1.2520593080724878,4.003294892915981,2.7512355848434926,0.2471169686985173,0.016474464579901153
Đorđe Petrović,Strasbourg,FRA-Ligue 1,GK,SRB,24,8467,67.9,19.849999999999998,3.125,1.4349828746899729,4.64509271288532,3.2101098381953466,0.265737569387032,0.01062950277548128
Łukasz Fabiański,West Ham,ENG-Premier League,GK,POL,39,4992,66.9,20.8,11.1,1.6225961538461537,5.066105769230769,3.443509615384616,0.234375,0.018028846153846152
Łukasz Skorupski,Bologna,ITA-Serie A,GK,POL,35-128,10436,65.82000000000001,25.619999999999997,19.44,1.1469911843618243,3.484093522422384,2.440590264469145,0.30183978535837486,0.03449597546952856
